type,old_id,title,old_url,planned_new_url,date,modified,categories,migration_status,notes
page,6,東京大司教区カトリック亀有教会,https://catholic-kameari.jp/,https://catholic-kameari.jp/,2021-05-24T12:08:27,2024-06-18T15:13:23,,preserve-url,"Redesigned homepage. Preserve useful mass, access, news, topic, and introduction content in new front page sections."
page,2,カトリック亀有教会のご紹介,https://catholic-kameari.jp/about/,https://catholic-kameari.jp/about/,2021-05-24T11:57:41,2025-07-31T13:24:08,,preserve-url,移行対象
page,43,歴代司祭・修道士,https://catholic-kameari.jp/about/ever/,https://catholic-kameari.jp/about/ever/,2021-05-24T17:59:54,2025-07-27T21:06:25,,preserve-url,要確認: 現在の主任司祭、歴代司祭、修道士情報を公開前に確認する。
page,7,亀有教会のあゆみ,https://catholic-kameari.jp/about/history/,https://catholic-kameari.jp/about/history/,2021-05-24T12:08:27,2021-06-02T19:54:27,,preserve-url,移行対象
page,480,東京大司教区カトリック亀有教会について,https://catholic-kameari.jp/about/introduction/,https://catholic-kameari.jp/about/introduction/,2021-05-29T23:36:18,2025-07-31T13:29:47,,preserve-url,移行対象
page,302,初めての方へ,https://catholic-kameari.jp/about/visitors/,https://catholic-kameari.jp/about/visitors/,2021-05-28T21:56:54,2021-06-06T21:30:07,,preserve-url,移行対象
page,532,アクセス,https://catholic-kameari.jp/access/,https://catholic-kameari.jp/access/,2021-05-30T01:07:32,2022-06-06T10:51:09,,preserve-url,要確認: 駐車場台数、バス停、バリアフリー設備を現地確認する。
page,530,教会活動,https://catholic-kameari.jp/commit/,https://catholic-kameari.jp/commit/,2021-05-30T01:02:08,2021-06-05T09:47:03,,preserve-url,移行対象
page,8,教会組織と活動紹介,https://catholic-kameari.jp/commit/commit/,https://catholic-kameari.jp/commit/commit/,2021-05-24T12:08:27,2024-03-28T18:49:54,,preserve-url,移行対象
page,45,講座・勉強会,https://catholic-kameari.jp/commit/course/,https://catholic-kameari.jp/commit/course/,2021-05-24T18:06:02,2025-05-03T13:56:45,,preserve-url,要確認: 聖書と典礼の勉強会は「現在中止」とあるため再開状況を確認する。
page,528,宣教協力体・教会関連リンク,https://catholic-kameari.jp/commit/family/,https://catholic-kameari.jp/commit/family/,2021-05-30T01:00:31,2024-06-19T14:10:51,,preserve-url,移行対象
page,9,INFORMATION,https://catholic-kameari.jp/information/,https://catholic-kameari.jp/information/,2021-05-24T12:08:28,2021-06-06T20:53:32,,preserve-url,移行対象
page,724,結婚式・葬儀,https://catholic-kameari.jp/memorial/,https://catholic-kameari.jp/memorial/,2021-05-30T17:38:39,2021-06-05T09:47:41,,preserve-url,移行対象
page,51,結婚式,https://catholic-kameari.jp/memorial/guidance_wedding/,https://catholic-kameari.jp/memorial/guidance_wedding/,2021-05-24T20:31:54,2021-05-30T18:32:09,,preserve-url,要確認: 結婚式の受付条件、必要書類、問い合わせ先を確認する。
page,53,葬儀・共同墓地,https://catholic-kameari.jp/memorial/memorial/,https://catholic-kameari.jp/memorial/memorial/,2021-05-24T20:35:36,2024-06-18T11:06:34,,preserve-url,要確認: 葬儀、共同墓地、墓参の案内を確認する。
page,3,当サイトについて,https://catholic-kameari.jp/privacy-policy/,https://catholic-kameari.jp/privacy-policy/,2021-05-24T11:57:41,2022-06-06T10:56:13,,preserve-url,移行対象
page,653,ミサ・年間月間予定,https://catholic-kameari.jp/schedule/,https://catholic-kameari.jp/schedule/,2021-05-30T15:07:43,2022-07-24T15:04:14,,preserve-url,移行対象
page,525,年間予定,https://catholic-kameari.jp/schedule/annual/,https://catholic-kameari.jp/schedule/annual/,2021-05-30T00:54:32,2021-06-06T20:38:58,,preserve-url,要確認: 年間予定は年ごとの変更があるため公開前に最新化する。
page,48,ミサのご案内,https://catholic-kameari.jp/schedule/mass/,https://catholic-kameari.jp/schedule/mass/,2021-05-24T20:12:47,2026-04-29T20:06:29,,preserve-url,要確認: ミサ時刻、英語ミサ、初金、感染症対策文を公開直前に確認する。
post,2781,2026年5月の予定,https://catholic-kameari.jp/2026/04-29-2026%e5%b9%b45%e6%9c%88%e3%81%ae%e4%ba%88%e5%ae%9a/,https://catholic-kameari.jp/2026/04-29-2026%e5%b9%b45%e6%9c%88%e3%81%ae%e4%ba%88%e5%ae%9a/,2026-04-29T20:09:50,2026-04-29T20:16:49,news|monthly_schedule,preserve-url,要確認: 最新の月間予定として日時を確認。
post,2775,大きな光を見た－復活の希望と新しい歩み－,https://catholic-kameari.jp/2026/03-29-%e5%a4%a7%e3%81%8d%e3%81%aa%e5%85%89%e3%82%92%e8%a6%8b%e3%81%9f%ef%bc%8d%e5%be%a9%e6%b4%bb%e3%81%ae%e5%b8%8c%e6%9c%9b%e3%81%a8%e6%96%b0%e3%81%97%e3%81%84%e6%ad%a9%e3%81%bf%ef%bc%8d/,https://catholic-kameari.jp/2026/03-29-%e5%a4%a7%e3%81%8d%e3%81%aa%e5%85%89%e3%82%92%e8%a6%8b%e3%81%9f%ef%bc%8d%e5%be%a9%e6%b4%bb%e3%81%ae%e5%b8%8c%e6%9c%9b%e3%81%a8%e6%96%b0%e3%81%97%e3%81%84%e6%ad%a9%e3%81%bf%ef%bc%8d/,2026-03-29T19:01:40,2026-03-29T19:01:42,topics,preserve-url,トピックスとして移行。司祭メッセージは著者表記を確認。
post,2762,2026年4月の予定,https://catholic-kameari.jp/2026/03-29-2026%e5%b9%b44%e6%9c%88%e3%81%ae%e4%ba%88%e5%ae%9a/,https://catholic-kameari.jp/2026/03-29-2026%e5%b9%b44%e6%9c%88%e3%81%ae%e4%ba%88%e5%ae%9a/,2026-03-29T19:01:17,2026-03-29T19:03:42,news|monthly_schedule,preserve-url,要確認: 最新の月間予定として日時を確認。
post,2756,四旬節－心の癒やしと共同体の刷新の時,https://catholic-kameari.jp/2026/02-22-%e5%9b%9b%e6%97%ac%e7%af%80%ef%bc%8d%e5%bf%83%e3%81%ae%e7%99%92%e3%82%84%e3%81%97%e3%81%a8%e5%85%b1%e5%90%8c%e4%bd%93%e3%81%ae%e5%88%b7%e6%96%b0%e3%81%ae%e6%99%82/,https://catholic-kameari.jp/2026/02-22-%e5%9b%9b%e6%97%ac%e7%af%80%ef%bc%8d%e5%bf%83%e3%81%ae%e7%99%92%e3%82%84%e3%81%97%e3%81%a8%e5%85%b1%e5%90%8c%e4%bd%93%e3%81%ae%e5%88%b7%e6%96%b0%e3%81%ae%e6%99%82/,2026-02-22T20:17:45,2026-02-22T20:17:47,topics,preserve-url,トピックスとして移行。司祭メッセージは著者表記を確認。
post,2730,2026年3月の予定,https://catholic-kameari.jp/2026/02-22-2026%e5%b9%b43%e6%9c%88%e3%81%ae%e4%ba%88%e5%ae%9a/,https://catholic-kameari.jp/2026/02-22-2026%e5%b9%b43%e6%9c%88%e3%81%ae%e4%ba%88%e5%ae%9a/,2026-02-22T20:16:17,2026-02-22T20:26:23,news|monthly_schedule,preserve-url,要確認: 最新の月間予定として日時を確認。
post,2711,【緊急】ホアイ神父様による祈りと語り合いの集い －Buổi Cầu Nguyện & Chia Sẻ－,https://catholic-kameari.jp/2026/02-04-%e3%80%90%e7%b7%8a%e6%80%a5%e3%80%91%e3%83%9b%e3%82%a2%e3%82%a4%e7%a5%9e%e7%88%b6%e6%a7%98%e3%81%ab%e3%82%88%e3%82%8b%e7%a5%88%e3%82%8a%e3%81%a8%e8%aa%9e%e3%82%8a%e5%90%88%e3%81%84%e3%81%ae%e9%9b%86/,https://catholic-kameari.jp/2026/02-04-%e3%80%90%e7%b7%8a%e6%80%a5%e3%80%91%e3%83%9b%e3%82%a2%e3%82%a4%e7%a5%9e%e7%88%b6%e6%a7%98%e3%81%ab%e3%82%88%e3%82%8b%e7%a5%88%e3%82%8a%e3%81%a8%e8%aa%9e%e3%82%8a%e5%90%88%e3%81%84%e3%81%ae%e9%9b%86/,2026-02-04T14:28:17,2026-02-04T14:28:53,news,preserve-url,要確認: 過去の緊急・感染症関連告知。履歴として保持し、最新告知としては扱わない。
post,2702,灰と希望,https://catholic-kameari.jp/2026/01-25-%e7%81%b0%e3%81%a8%e5%b8%8c%e6%9c%9b/,https://catholic-kameari.jp/2026/01-25-%e7%81%b0%e3%81%a8%e5%b8%8c%e6%9c%9b/,2026-01-25T20:05:22,2026-01-25T20:06:10,topics,preserve-url,トピックスとして移行。司祭メッセージは著者表記を確認。
post,2687,2026年2月の予定,https://catholic-kameari.jp/2026/01-25-2026%e5%b9%b42%e6%9c%88%e3%81%ae%e4%ba%88%e5%ae%9a/,https://catholic-kameari.jp/2026/01-25-2026%e5%b9%b42%e6%9c%88%e3%81%ae%e4%ba%88%e5%ae%9a/,2026-01-25T20:02:02,2026-01-25T20:02:04,news|monthly_schedule,preserve-url,要確認: 最新の月間予定として日時を確認。
post,2671,「皆が一つとなるために」─ 新しい年のはじめに、一致への招き,https://catholic-kameari.jp/2025/12-30-%e3%80%8c%e7%9a%86%e3%81%8c%e4%b8%80%e3%81%a4%e3%81%a8%e3%81%aa%e3%82%8b%e3%81%9f%e3%82%81%e3%81%ab%e3%80%8d%e3%83%bc%e6%96%b0%e3%81%97%e3%81%84%e5%b9%b4%e3%81%ae%e3%81%af%e3%81%98%e3%82%81%e3%81%ab/,https://catholic-kameari.jp/2025/12-30-%e3%80%8c%e7%9a%86%e3%81%8c%e4%b8%80%e3%81%a4%e3%81%a8%e3%81%aa%e3%82%8b%e3%81%9f%e3%82%81%e3%81%ab%e3%80%8d%e3%83%bc%e6%96%b0%e3%81%97%e3%81%84%e5%b9%b4%e3%81%ae%e3%81%af%e3%81%98%e3%82%81%e3%81%ab/,2025-12-30T14:22:02,2026-01-03T11:11:26,topics,preserve-url,トピックスとして移行。司祭メッセージは著者表記を確認。
post,2654,2026年1月の予定,https://catholic-kameari.jp/2025/12-30-2026%e5%b9%b41%e6%9c%88%e3%81%ae%e4%ba%88%e5%ae%9a/,https://catholic-kameari.jp/2025/12-30-2026%e5%b9%b41%e6%9c%88%e3%81%ae%e4%ba%88%e5%ae%9a/,2025-12-30T14:21:14,2025-12-30T14:29:07,news|monthly_schedule,preserve-url,月間予定アーカイブ。過去予定として保持。
post,2645,待降節 ─ 新たに生まれる希望の時,https://catholic-kameari.jp/2025/11-30-%e5%be%85%e9%99%8d%e7%af%80-%e2%94%80-%e6%96%b0%e3%81%9f%e3%81%ab%e7%94%9f%e3%81%be%e3%82%8c%e3%82%8b%e5%b8%8c%e6%9c%9b%e3%81%ae%e6%99%82/,https://catholic-kameari.jp/2025/11-30-%e5%be%85%e9%99%8d%e7%af%80-%e2%94%80-%e6%96%b0%e3%81%9f%e3%81%ab%e7%94%9f%e3%81%be%e3%82%8c%e3%82%8b%e5%b8%8c%e6%9c%9b%e3%81%ae%e6%99%82/,2025-11-30T18:21:17,2025-11-30T18:21:18,topics,preserve-url,トピックスとして移行。司祭メッセージは著者表記を確認。
post,2627,2025年12月の予定,https://catholic-kameari.jp/2025/11-30-2025%e5%b9%b412%e6%9c%88%e3%81%ae%e4%ba%88%e5%ae%9a/,https://catholic-kameari.jp/2025/11-30-2025%e5%b9%b412%e6%9c%88%e3%81%ae%e4%ba%88%e5%ae%9a/,2025-11-30T18:15:06,2025-11-30T18:34:25,news|monthly_schedule,preserve-url,月間予定アーカイブ。過去予定として保持。
post,2604,キリストにおける兄弟姉妹の皆さんへ,https://catholic-kameari.jp/2025/10-26-%e3%82%ad%e3%83%aa%e3%82%b9%e3%83%88%e3%81%ab%e3%81%8a%e3%81%91%e3%82%8b%e5%85%84%e5%bc%9f%e5%a7%89%e5%a6%b9%e3%81%ae%e7%9a%86%e3%81%95%e3%82%93%e3%81%b8/,https://catholic-kameari.jp/2025/10-26-%e3%82%ad%e3%83%aa%e3%82%b9%e3%83%88%e3%81%ab%e3%81%8a%e3%81%91%e3%82%8b%e5%85%84%e5%bc%9f%e5%a7%89%e5%a6%b9%e3%81%ae%e7%9a%86%e3%81%95%e3%82%93%e3%81%b8/,2025-10-26T17:57:06,2025-10-26T17:57:07,topics,preserve-url,トピックスとして移行。司祭メッセージは著者表記を確認。
post,2599,2025年11月の予定,https://catholic-kameari.jp/2025/10-26-2025%e5%b9%b411%e6%9c%88%e3%81%ae%e4%ba%88%e5%ae%9a/,https://catholic-kameari.jp/2025/10-26-2025%e5%b9%b411%e6%9c%88%e3%81%ae%e4%ba%88%e5%ae%9a/,2025-10-26T14:35:15,2025-10-26T14:35:17,news|monthly_schedule,preserve-url,月間予定アーカイブ。過去予定として保持。
post,2586,親愛なるキリストにおける兄弟姉妹の皆さまへ,https://catholic-kameari.jp/2025/09-28-%e8%a6%aa%e6%84%9b%e3%81%aa%e3%82%8b%e3%82%ad%e3%83%aa%e3%82%b9%e3%83%88%e3%81%ab%e3%81%8a%e3%81%91%e3%82%8b%e5%85%84%e5%bc%9f%e5%a7%89%e5%a6%b9%e3%81%ae%e7%9a%86%e3%81%95%e3%81%be%e3%81%b8/,https://catholic-kameari.jp/2025/09-28-%e8%a6%aa%e6%84%9b%e3%81%aa%e3%82%8b%e3%82%ad%e3%83%aa%e3%82%b9%e3%83%88%e3%81%ab%e3%81%8a%e3%81%91%e3%82%8b%e5%85%84%e5%bc%9f%e5%a7%89%e5%a6%b9%e3%81%ae%e7%9a%86%e3%81%95%e3%81%be%e3%81%b8/,2025-09-28T13:05:00,2025-09-29T15:37:47,topics,preserve-url,トピックスとして移行。司祭メッセージは著者表記を確認。
post,2566,2025年10月の予定,https://catholic-kameari.jp/2025/09-28-2025%e5%b9%b410%e6%9c%88%e3%81%ae%e4%ba%88%e5%ae%9a/,https://catholic-kameari.jp/2025/09-28-2025%e5%b9%b410%e6%9c%88%e3%81%ae%e4%ba%88%e5%ae%9a/,2025-09-28T13:00:00,2025-09-27T20:45:52,news|monthly_schedule,preserve-url,月間予定アーカイブ。過去予定として保持。
post,2549,信仰は一人で学ぶものではなく、共同体の中で育つものです,https://catholic-kameari.jp/2025/08-31-%e4%bf%a1%e4%bb%b0%e3%81%af%e4%b8%80%e4%ba%ba%e3%81%a7%e5%ad%a6%e3%81%b6%e3%82%82%e3%81%ae%e3%81%a7%e3%81%af%e3%81%aa%e3%81%8f%e3%80%81%e5%85%b1%e5%90%8c%e4%bd%93%e3%81%ae%e4%b8%ad%e3%81%a7%e8%82%b2/,https://catholic-kameari.jp/2025/08-31-%e4%bf%a1%e4%bb%b0%e3%81%af%e4%b8%80%e4%ba%ba%e3%81%a7%e5%ad%a6%e3%81%b6%e3%82%82%e3%81%ae%e3%81%a7%e3%81%af%e3%81%aa%e3%81%8f%e3%80%81%e5%85%b1%e5%90%8c%e4%bd%93%e3%81%ae%e4%b8%ad%e3%81%a7%e8%82%b2/,2025-08-31T12:23:45,2025-08-31T14:08:25,topics,preserve-url,トピックスとして移行。司祭メッセージは著者表記を確認。
post,2544,2025年9月の予定,https://catholic-kameari.jp/2025/08-31-2025%e5%b9%b49%e6%9c%88%e3%81%ae%e4%ba%88%e5%ae%9a/,https://catholic-kameari.jp/2025/08-31-2025%e5%b9%b49%e6%9c%88%e3%81%ae%e4%ba%88%e5%ae%9a/,2025-08-31T12:11:17,2025-08-31T12:16:51,news|monthly_schedule,preserve-url,月間予定アーカイブ。過去予定として保持。
post,2506,幸せな平和を実現する人々ーともに平和を築くように招かれて,https://catholic-kameari.jp/2025/07-28-%e5%b9%b8%e3%81%9b%e3%81%aa%e5%b9%b3%e5%92%8c%e3%82%92%e5%ae%9f%e7%8f%be%e3%81%99%e3%82%8b%e4%ba%ba%e3%80%85/,https://catholic-kameari.jp/2025/07-28-%e5%b9%b8%e3%81%9b%e3%81%aa%e5%b9%b3%e5%92%8c%e3%82%92%e5%ae%9f%e7%8f%be%e3%81%99%e3%82%8b%e4%ba%ba%e3%80%85/,2025-07-28T18:55:47,2025-07-28T18:58:51,topics,preserve-url,トピックスとして移行。司祭メッセージは著者表記を確認。
post,2474,2025年8月の予定,https://catholic-kameari.jp/2025/07-27-2025%e5%b9%b48%e6%9c%88%e3%81%ae%e4%ba%88%e5%ae%9a/,https://catholic-kameari.jp/2025/07-27-2025%e5%b9%b48%e6%9c%88%e3%81%ae%e4%ba%88%e5%ae%9a/,2025-07-27T19:06:50,2025-07-27T19:06:52,news|monthly_schedule,preserve-url,月間予定アーカイブ。過去予定として保持。
post,2467,2025年7月の予定,https://catholic-kameari.jp/2025/07-02-2025%e5%b9%b47%e6%9c%88%e3%81%ae%e4%ba%88%e5%ae%9a/,https://catholic-kameari.jp/2025/07-02-2025%e5%b9%b47%e6%9c%88%e3%81%ae%e4%ba%88%e5%ae%9a/,2025-07-02T20:21:29,2025-07-02T20:26:43,news|monthly_schedule,preserve-url,月間予定アーカイブ。過去予定として保持。
post,2438,2025年6月の予定,https://catholic-kameari.jp/2025/05-25-2025%e5%b9%b46%e6%9c%88%e3%81%ae%e4%ba%88%e5%ae%9a/,https://catholic-kameari.jp/2025/05-25-2025%e5%b9%b46%e6%9c%88%e3%81%ae%e4%ba%88%e5%ae%9a/,2025-05-25T00:27:28,2025-05-25T00:31:38,news|monthly_schedule,preserve-url,月間予定アーカイブ。過去予定として保持。
post,2407,2025年5月の予定,https://catholic-kameari.jp/2025/05-01-2025%e5%b9%b45%e6%9c%88%e3%81%ae%e4%ba%88%e5%ae%9a/,https://catholic-kameari.jp/2025/05-01-2025%e5%b9%b45%e6%9c%88%e3%81%ae%e4%ba%88%e5%ae%9a/,2025-05-01T19:14:32,2025-05-03T13:43:45,news|monthly_schedule,preserve-url,月間予定アーカイブ。過去予定として保持。
post,2380,2025年4月の予定,https://catholic-kameari.jp/2025/03-29-2025%e5%b9%b44%e6%9c%88%e3%81%ae%e4%ba%88%e5%ae%9a/,https://catholic-kameari.jp/2025/03-29-2025%e5%b9%b44%e6%9c%88%e3%81%ae%e4%ba%88%e5%ae%9a/,2025-03-29T20:43:53,2025-03-30T10:04:58,news|monthly_schedule,preserve-url,月間予定アーカイブ。過去予定として保持。
post,2350,2025年3月の予定,https://catholic-kameari.jp/2025/02-23-2025%e5%b9%b43%e6%9c%88%e3%81%ae%e4%ba%88%e5%ae%9a/,https://catholic-kameari.jp/2025/02-23-2025%e5%b9%b43%e6%9c%88%e3%81%ae%e4%ba%88%e5%ae%9a/,2025-02-23T21:41:48,2025-03-10T10:39:56,news|monthly_schedule,preserve-url,月間予定アーカイブ。過去予定として保持。
post,2342,2025年2月の予定,https://catholic-kameari.jp/2025/01-25-2025%e5%b9%b42%e6%9c%88%e3%81%ae%e4%ba%88%e5%ae%9a/,https://catholic-kameari.jp/2025/01-25-2025%e5%b9%b42%e6%9c%88%e3%81%ae%e4%ba%88%e5%ae%9a/,2025-01-25T19:40:12,2025-01-25T19:40:14,news|monthly_schedule,preserve-url,月間予定アーカイブ。過去予定として保持。
post,2306,2025年1月の予定,https://catholic-kameari.jp/2024/12-22-2025%e5%b9%b41%e6%9c%88%e3%81%ae%e4%ba%88%e5%ae%9a/,https://catholic-kameari.jp/2024/12-22-2025%e5%b9%b41%e6%9c%88%e3%81%ae%e4%ba%88%e5%ae%9a/,2024-12-22T23:23:40,2024-12-23T12:05:46,news|monthly_schedule,preserve-url,月間予定アーカイブ。過去予定として保持。
post,2288,2024年12月の予定,https://catholic-kameari.jp/2024/11-25-2024%e5%b9%b412%e6%9c%88%e3%81%ae%e4%ba%88%e5%ae%9a/,https://catholic-kameari.jp/2024/11-25-2024%e5%b9%b412%e6%9c%88%e3%81%ae%e4%ba%88%e5%ae%9a/,2024-11-25T15:27:37,2024-11-25T15:27:39,news|monthly_schedule,preserve-url,月間予定アーカイブ。過去予定として保持。
post,2282,2024年11月の予定,https://catholic-kameari.jp/2024/10-27-2024%e5%b9%b411%e6%9c%88%e3%81%ae%e4%ba%88%e5%ae%9a/,https://catholic-kameari.jp/2024/10-27-2024%e5%b9%b411%e6%9c%88%e3%81%ae%e4%ba%88%e5%ae%9a/,2024-10-27T20:38:17,2024-10-27T20:38:19,news|monthly_schedule,preserve-url,月間予定アーカイブ。過去予定として保持。
post,2271,2024年10月の予定,https://catholic-kameari.jp/2024/09-29-2024%e5%b9%b410%e6%9c%88%e3%81%ae%e4%ba%88%e5%ae%9a/,https://catholic-kameari.jp/2024/09-29-2024%e5%b9%b410%e6%9c%88%e3%81%ae%e4%ba%88%e5%ae%9a/,2024-09-29T23:27:17,2024-09-29T23:39:01,news|monthly_schedule,preserve-url,月間予定アーカイブ。過去予定として保持。
post,2233,2024年9月の予定,https://catholic-kameari.jp/2024/08-23-2024%e5%b9%b49%e6%9c%88%e3%81%ae%e4%ba%88%e5%ae%9a/,https://catholic-kameari.jp/2024/08-23-2024%e5%b9%b49%e6%9c%88%e3%81%ae%e4%ba%88%e5%ae%9a/,2024-08-23T21:39:21,2024-08-23T21:51:23,news|monthly_schedule,preserve-url,月間予定アーカイブ。過去予定として保持。
post,2223,2024年8月の予定,https://catholic-kameari.jp/2024/07-23-2024%e5%b9%b48%e6%9c%88%e3%81%ae%e3%81%8a%e7%9f%a5%e3%82%89%e3%81%9b/,https://catholic-kameari.jp/2024/07-23-2024%e5%b9%b48%e6%9c%88%e3%81%ae%e3%81%8a%e7%9f%a5%e3%82%89%e3%81%9b/,2024-07-23T21:26:51,2024-07-23T21:41:23,news|monthly_schedule,preserve-url,月間予定アーカイブ。過去予定として保持。
post,2216,2024年7月の予定,https://catholic-kameari.jp/2024/07-01-2024%e5%b9%b47%e6%9c%88%e3%81%ae%e4%ba%88%e5%ae%9a/,https://catholic-kameari.jp/2024/07-01-2024%e5%b9%b47%e6%9c%88%e3%81%ae%e4%ba%88%e5%ae%9a/,2024-07-01T00:47:05,2024-07-01T00:48:01,news|monthly_schedule,preserve-url,月間予定アーカイブ。過去予定として保持。
post,2146,2024年6月の予定,https://catholic-kameari.jp/2024/05-30-6%e6%9c%88%e3%81%ae%e4%ba%88%e5%ae%9a/,https://catholic-kameari.jp/2024/05-30-6%e6%9c%88%e3%81%ae%e4%ba%88%e5%ae%9a/,2024-05-30T14:50:24,2024-06-01T08:44:04,news|monthly_schedule,preserve-url,月間予定アーカイブ。過去予定として保持。
post,2132,2024年5月の予定,https://catholic-kameari.jp/2024/05-02-2024%e5%b9%b45%e6%9c%88%e3%81%ae%e4%ba%88%e5%ae%9a/,https://catholic-kameari.jp/2024/05-02-2024%e5%b9%b45%e6%9c%88%e3%81%ae%e4%ba%88%e5%ae%9a/,2024-05-02T21:00:31,2024-05-02T21:00:33,news|monthly_schedule,preserve-url,月間予定アーカイブ。過去予定として保持。
post,2110,2024年4月の予定,https://catholic-kameari.jp/2024/03-28-2024%e5%b9%b44%e6%9c%88%e3%81%ae%e4%ba%88%e5%ae%9a/,https://catholic-kameari.jp/2024/03-28-2024%e5%b9%b44%e6%9c%88%e3%81%ae%e4%ba%88%e5%ae%9a/,2024-03-28T18:28:46,2024-03-28T21:48:15,news|monthly_schedule,preserve-url,月間予定アーカイブ。過去予定として保持。
post,2096,2024年3月の予定,https://catholic-kameari.jp/2024/02-28-2024%e5%b9%b43%e6%9c%88%e3%81%ae%e4%ba%88%e5%ae%9a/,https://catholic-kameari.jp/2024/02-28-2024%e5%b9%b43%e6%9c%88%e3%81%ae%e4%ba%88%e5%ae%9a/,2024-02-28T22:36:42,2024-02-29T11:30:30,news|monthly_schedule,preserve-url,月間予定アーカイブ。過去予定として保持。
post,2076,2024年2月の予定,https://catholic-kameari.jp/2024/01-29-2024%e5%b9%b42%e6%9c%88%e3%81%ae%e4%ba%88%e5%ae%9a/,https://catholic-kameari.jp/2024/01-29-2024%e5%b9%b42%e6%9c%88%e3%81%ae%e4%ba%88%e5%ae%9a/,2024-01-29T18:14:40,2024-01-31T12:41:03,news|monthly_schedule,preserve-url,月間予定アーカイブ。過去予定として保持。
post,2040,2024年1月の予定,https://catholic-kameari.jp/2023/12-29-2024%e5%b9%b41%e6%9c%88%e3%81%ae%e4%ba%88%e5%ae%9a/,https://catholic-kameari.jp/2023/12-29-2024%e5%b9%b41%e6%9c%88%e3%81%ae%e4%ba%88%e5%ae%9a/,2023-12-29T16:09:18,2023-12-29T16:09:20,news|monthly_schedule,preserve-url,月間予定アーカイブ。過去予定として保持。
post,2019,2023年12月の予定,https://catholic-kameari.jp/2023/11-27-2023%e5%b9%b412%e6%9c%88%e3%81%ae%e4%ba%88%e5%ae%9a/,https://catholic-kameari.jp/2023/11-27-2023%e5%b9%b412%e6%9c%88%e3%81%ae%e4%ba%88%e5%ae%9a/,2023-11-27T18:22:39,2023-12-04T17:51:43,news|monthly_schedule,preserve-url,月間予定アーカイブ。過去予定として保持。
post,2006,2023年11月の予定,https://catholic-kameari.jp/2023/10-22-2023%e5%b9%b411%e6%9c%88%e3%81%ae%e4%ba%88%e5%ae%9a/,https://catholic-kameari.jp/2023/10-22-2023%e5%b9%b411%e6%9c%88%e3%81%ae%e4%ba%88%e5%ae%9a/,2023-10-22T21:50:34,2023-12-04T17:52:12,news|monthly_schedule,preserve-url,月間予定アーカイブ。過去予定として保持。
post,1985,2023年10月の予定,https://catholic-kameari.jp/2023/09-30-2023%e5%b9%b410%e6%9c%88%e3%81%ae%e4%ba%88%e5%ae%9a/,https://catholic-kameari.jp/2023/09-30-2023%e5%b9%b410%e6%9c%88%e3%81%ae%e4%ba%88%e5%ae%9a/,2023-09-30T19:09:33,2023-12-04T17:52:26,news|monthly_schedule,preserve-url,月間予定アーカイブ。過去予定として保持。
post,1960,2023年9月の予定,https://catholic-kameari.jp/2023/08-30-2023%e5%b9%b49%e6%9c%88%e3%81%ae%e4%ba%88%e5%ae%9a/,https://catholic-kameari.jp/2023/08-30-2023%e5%b9%b49%e6%9c%88%e3%81%ae%e4%ba%88%e5%ae%9a/,2023-08-30T23:39:15,2023-12-04T17:44:08,news|monthly_schedule,preserve-url,月間予定アーカイブ。過去予定として保持。
post,1947,2023年8月の予定,https://catholic-kameari.jp/2023/08-02-2023%e5%b9%b48%e6%9c%88%e3%81%ae%e4%ba%88%e5%ae%9a/,https://catholic-kameari.jp/2023/08-02-2023%e5%b9%b48%e6%9c%88%e3%81%ae%e4%ba%88%e5%ae%9a/,2023-08-02T23:08:16,2023-12-04T17:52:37,news|monthly_schedule,preserve-url,月間予定アーカイブ。過去予定として保持。
post,1936,2023年7月の予定,https://catholic-kameari.jp/2023/06-28-2023%e5%b9%b47%e6%9c%88%e3%81%ae%e4%ba%88%e5%ae%9a/,https://catholic-kameari.jp/2023/06-28-2023%e5%b9%b47%e6%9c%88%e3%81%ae%e4%ba%88%e5%ae%9a/,2023-06-28T16:45:23,2023-12-04T17:52:45,news|monthly_schedule,preserve-url,月間予定アーカイブ。過去予定として保持。
post,1919,2023年6月の予定,https://catholic-kameari.jp/2023/05-30-2023%e5%b9%b46%e6%9c%88%e3%81%ae%e4%ba%88%e5%ae%9a/,https://catholic-kameari.jp/2023/05-30-2023%e5%b9%b46%e6%9c%88%e3%81%ae%e4%ba%88%e5%ae%9a/,2023-05-30T23:56:08,2023-12-04T17:52:51,news|monthly_schedule,preserve-url,月間予定アーカイブ。過去予定として保持。
post,1903,2023年5月の予定,https://catholic-kameari.jp/2023/04-30-2023%e5%b9%b45%e6%9c%88%e3%81%ae%e4%ba%88%e5%ae%9a/,https://catholic-kameari.jp/2023/04-30-2023%e5%b9%b45%e6%9c%88%e3%81%ae%e4%ba%88%e5%ae%9a/,2023-04-30T23:16:29,2023-12-04T17:52:58,news|monthly_schedule,preserve-url,月間予定アーカイブ。過去予定として保持。
post,1894,2023年4月の予定,https://catholic-kameari.jp/2023/04-02-2023%e5%b9%b44%e6%9c%88%e3%81%ae%e4%ba%88%e5%ae%9a/,https://catholic-kameari.jp/2023/04-02-2023%e5%b9%b44%e6%9c%88%e3%81%ae%e4%ba%88%e5%ae%9a/,2023-04-02T16:24:58,2023-12-04T17:53:03,news|monthly_schedule,preserve-url,月間予定アーカイブ。過去予定として保持。
post,1866,2023年3月の予定,https://catholic-kameari.jp/2023/02-27-2023%e5%b9%b43%e6%9c%88%e3%81%ae%e4%ba%88%e5%ae%9a/,https://catholic-kameari.jp/2023/02-27-2023%e5%b9%b43%e6%9c%88%e3%81%ae%e4%ba%88%e5%ae%9a/,2023-02-27T18:40:16,2023-12-04T17:53:13,news|monthly_schedule,preserve-url,月間予定アーカイブ。過去予定として保持。
post,1847,2023年2月の予定,https://catholic-kameari.jp/2023/01-26-2023%e5%b9%b42%e6%9c%88%e3%81%ae%e4%ba%88%e5%ae%9a/,https://catholic-kameari.jp/2023/01-26-2023%e5%b9%b42%e6%9c%88%e3%81%ae%e4%ba%88%e5%ae%9a/,2023-01-26T14:11:00,2023-12-04T17:53:19,news|monthly_schedule,preserve-url,月間予定アーカイブ。過去予定として保持。
post,1837,【緊急】ミサ中止のお知らせ,https://catholic-kameari.jp/2023/01-14-%e3%80%90%e7%b7%8a%e6%80%a5%e3%80%91%e3%83%9f%e3%82%b5%e4%b8%ad%e6%ad%a2%e3%81%ae%e3%81%8a%e7%9f%a5%e3%82%89%e3%81%9b/,https://catholic-kameari.jp/2023/01-14-%e3%80%90%e7%b7%8a%e6%80%a5%e3%80%91%e3%83%9f%e3%82%b5%e4%b8%ad%e6%ad%a2%e3%81%ae%e3%81%8a%e7%9f%a5%e3%82%89%e3%81%9b/,2023-01-14T13:32:20,2023-12-04T17:53:26,news|liturgy,preserve-url,要確認: 過去の緊急・感染症関連告知。履歴として保持し、最新告知としては扱わない。
post,1812,2023年1月の予定,https://catholic-kameari.jp/2023/01-01-2023%e5%b9%b41%e6%9c%88%e3%81%ae%e4%ba%88%e5%ae%9a/,https://catholic-kameari.jp/2023/01-01-2023%e5%b9%b41%e6%9c%88%e3%81%ae%e4%ba%88%e5%ae%9a/,2023-01-01T01:10:17,2023-12-04T17:53:31,news|monthly_schedule,preserve-url,月間予定アーカイブ。過去予定として保持。
post,1740,2022年12月の予定,https://catholic-kameari.jp/2022/11-27-2022%e5%b9%b412%e6%9c%88%e3%81%ae%e4%ba%88%e5%ae%9a/,https://catholic-kameari.jp/2022/11-27-2022%e5%b9%b412%e6%9c%88%e3%81%ae%e4%ba%88%e5%ae%9a/,2022-11-27T23:44:28,2023-12-04T17:53:38,news|monthly_schedule,preserve-url,月間予定アーカイブ。過去予定として保持。
post,1724,2022年11月の予定,https://catholic-kameari.jp/2022/10-29-2022%e5%b9%b411%e6%9c%88%e3%81%ae%e4%ba%88%e5%ae%9a/,https://catholic-kameari.jp/2022/10-29-2022%e5%b9%b411%e6%9c%88%e3%81%ae%e4%ba%88%e5%ae%9a/,2022-10-29T19:23:01,2023-12-04T17:53:43,news|monthly_schedule,preserve-url,月間予定アーカイブ。過去予定として保持。
post,1691,2022年10月の予定,https://catholic-kameari.jp/2022/09-28-10%e6%9c%88%e3%81%ae%e4%ba%88%e5%ae%9a-2/,https://catholic-kameari.jp/2022/09-28-10%e6%9c%88%e3%81%ae%e4%ba%88%e5%ae%9a-2/,2022-09-28T17:32:28,2023-12-04T17:53:50,news|monthly_schedule,preserve-url,月間予定アーカイブ。過去予定として保持。
post,1684,2022年9月の予定,https://catholic-kameari.jp/2022/09-03-2022%e5%b9%b49%e6%9c%88%e3%81%ae%e4%ba%88%e5%ae%9a/,https://catholic-kameari.jp/2022/09-03-2022%e5%b9%b49%e6%9c%88%e3%81%ae%e4%ba%88%e5%ae%9a/,2022-09-03T14:56:38,2023-12-04T17:53:57,news|monthly_schedule,preserve-url,月間予定アーカイブ。過去予定として保持。
post,1596,2022年8月の予定,https://catholic-kameari.jp/2022/07-24-2022%e5%b9%b48%e6%9c%88%e3%81%ae%e4%ba%88%e5%ae%9a/,https://catholic-kameari.jp/2022/07-24-2022%e5%b9%b48%e6%9c%88%e3%81%ae%e4%ba%88%e5%ae%9a/,2022-07-24T18:01:09,2023-12-04T17:54:02,news|monthly_schedule,preserve-url,月間予定アーカイブ。過去予定として保持。
post,1544,2022年7月の予定,https://catholic-kameari.jp/2022/06-27-2022%e5%b9%b47%e6%9c%88%e3%81%ae%e4%ba%88%e5%ae%9a/,https://catholic-kameari.jp/2022/06-27-2022%e5%b9%b47%e6%9c%88%e3%81%ae%e4%ba%88%e5%ae%9a/,2022-06-27T15:19:22,2023-12-04T17:54:09,news|monthly_schedule,preserve-url,月間予定アーカイブ。過去予定として保持。
post,1508,2022年6月の予定,https://catholic-kameari.jp/2022/05-19-2022%e5%b9%b46%e6%9c%88%e3%81%ae%e4%ba%88%e5%ae%9a/,https://catholic-kameari.jp/2022/05-19-2022%e5%b9%b46%e6%9c%88%e3%81%ae%e4%ba%88%e5%ae%9a/,2022-05-19T18:22:28,2023-12-04T17:54:19,news|monthly_schedule,preserve-url,月間予定アーカイブ。過去予定として保持。
post,1500,5月28日（土）夕ミサはお休みです,https://catholic-kameari.jp/2022/05-11-5%e6%9c%8828%e6%97%a5%ef%bc%88%e5%9c%9f%ef%bc%89%e5%a4%95%e3%83%9f%e3%82%b5%e3%81%af%e3%81%8a%e4%bc%91%e3%81%bf%e3%81%a7%e3%81%99/,https://catholic-kameari.jp/2022/05-11-5%e6%9c%8828%e6%97%a5%ef%bc%88%e5%9c%9f%ef%bc%89%e5%a4%95%e3%83%9f%e3%82%b5%e3%81%af%e3%81%8a%e4%bc%91%e3%81%bf%e3%81%a7%e3%81%99/,2022-05-11T15:24:58,2023-12-04T17:54:31,news|liturgy,preserve-url,移行対象
post,1460,2022年5月の予定,https://catholic-kameari.jp/2022/04-25-2022%e5%b9%b45%e6%9c%88%e3%81%ae%e4%ba%88%e5%ae%9a/,https://catholic-kameari.jp/2022/04-25-2022%e5%b9%b45%e6%9c%88%e3%81%ae%e4%ba%88%e5%ae%9a/,2022-04-25T16:42:14,2023-12-04T17:54:37,news|monthly_schedule,preserve-url,月間予定アーカイブ。過去予定として保持。
post,1433,2022年4月の予定,https://catholic-kameari.jp/2022/03-31-2022%e5%b9%b44%e6%9c%88%e3%81%ae%e4%ba%88%e5%ae%9a/,https://catholic-kameari.jp/2022/03-31-2022%e5%b9%b44%e6%9c%88%e3%81%ae%e4%ba%88%e5%ae%9a/,2022-03-31T14:30:44,2023-12-04T17:54:42,news|monthly_schedule,preserve-url,月間予定アーカイブ。過去予定として保持。
post,1419,「初金ミサ」と「聖書と典礼の勉強会」について,https://catholic-kameari.jp/2022/03-20-4%e6%9c%88%e3%82%88%e3%82%8a%e3%80%8c%e5%88%9d%e9%87%91%e3%83%9f%e3%82%b5%e3%80%8d%e3%81%a8%e3%80%8c%e8%81%96%e6%9b%b8%e3%81%a8%e5%85%b8%e7%a4%bc%e3%81%ae%e5%8b%89%e5%bc%b7%e4%bc%9a%e3%80%8d%e3%81%ae/,https://catholic-kameari.jp/2022/03-20-4%e6%9c%88%e3%82%88%e3%82%8a%e3%80%8c%e5%88%9d%e9%87%91%e3%83%9f%e3%82%b5%e3%80%8d%e3%81%a8%e3%80%8c%e8%81%96%e6%9b%b8%e3%81%a8%e5%85%b8%e7%a4%bc%e3%81%ae%e5%8b%89%e5%bc%b7%e4%bc%9a%e3%80%8d%e3%81%ae/,2022-03-20T20:05:47,2023-12-04T17:54:49,news|liturgy,preserve-url,移行対象
post,1403,2022年3月の予定,https://catholic-kameari.jp/2022/03-04-2022%e5%b9%b43%e6%9c%88%e3%81%ae%e4%ba%88%e5%ae%9a/,https://catholic-kameari.jp/2022/03-04-2022%e5%b9%b43%e6%9c%88%e3%81%ae%e4%ba%88%e5%ae%9a/,2022-03-04T11:59:14,2023-12-04T17:54:54,news|monthly_schedule,preserve-url,月間予定アーカイブ。過去予定として保持。
post,1372,2022年2月の予定,https://catholic-kameari.jp/2022/01-26-2022%e5%b9%b42%e6%9c%88%e3%81%ae%e4%ba%88%e5%ae%9a/,https://catholic-kameari.jp/2022/01-26-2022%e5%b9%b42%e6%9c%88%e3%81%ae%e4%ba%88%e5%ae%9a/,2022-01-26T00:10:50,2023-12-04T17:55:02,news|monthly_schedule,preserve-url,月間予定アーカイブ。過去予定として保持。
post,1336,2022年1月の予定,https://catholic-kameari.jp/2022/01-01-2022%e5%b9%b41%e6%9c%88%e3%81%ae%e4%ba%88%e5%ae%9a/,https://catholic-kameari.jp/2022/01-01-2022%e5%b9%b41%e6%9c%88%e3%81%ae%e4%ba%88%e5%ae%9a/,2022-01-01T00:45:17,2023-12-04T17:55:41,news|monthly_schedule,preserve-url,月間予定アーカイブ。過去予定として保持。
post,1306,12月の予定,https://catholic-kameari.jp/2021/12-08-12%e6%9c%88%e3%81%ae%e4%ba%88%e5%ae%9a/,https://catholic-kameari.jp/2021/12-08-12%e6%9c%88%e3%81%ae%e4%ba%88%e5%ae%9a/,2021-12-08T14:21:11,2023-12-04T17:55:47,news|monthly_schedule,preserve-url,月間予定アーカイブ。過去予定として保持。
post,1259,11月の予定,https://catholic-kameari.jp/2021/11-01-11%e6%9c%88%e3%81%ae%e4%ba%88%e5%ae%9a/,https://catholic-kameari.jp/2021/11-01-11%e6%9c%88%e3%81%ae%e4%ba%88%e5%ae%9a/,2021-11-01T14:53:28,2023-12-04T17:55:53,news|monthly_schedule,preserve-url,月間予定アーカイブ。過去予定として保持。
post,1222,10月の予定,https://catholic-kameari.jp/2021/09-29-10%e6%9c%88%e3%81%ae%e4%ba%88%e5%ae%9a/,https://catholic-kameari.jp/2021/09-29-10%e6%9c%88%e3%81%ae%e4%ba%88%e5%ae%9a/,2021-09-29T18:48:17,2023-12-04T17:55:59,news|monthly_schedule,preserve-url,月間予定アーカイブ。過去予定として保持。
post,1210,9月13日以降の当教会の対応について,https://catholic-kameari.jp/2021/09-13-9%e6%9c%8813%e6%97%a5%e4%bb%a5%e9%99%8d%e3%81%ae%e5%bd%93%e6%95%99%e4%bc%9a%e3%81%ae%e5%af%be%e5%bf%9c%e3%81%ab%e3%81%a4%e3%81%84%e3%81%a6/,https://catholic-kameari.jp/2021/09-13-9%e6%9c%8813%e6%97%a5%e4%bb%a5%e9%99%8d%e3%81%ae%e5%bd%93%e6%95%99%e4%bc%9a%e3%81%ae%e5%af%be%e5%bf%9c%e3%81%ab%e3%81%a4%e3%81%84%e3%81%a6/,2021-09-13T15:36:47,2023-12-04T17:56:05,news,preserve-url,要確認: 過去の緊急・感染症関連告知。履歴として保持し、最新告知としては扱わない。
post,1191,【緊急】教区通達に伴うミサ公開の中止について,https://catholic-kameari.jp/2021/08-18-%e6%95%99%e5%8c%ba%e9%80%9a%e9%81%94%e3%81%ab%e4%bc%b4%e3%81%868%e6%9c%8816%e6%97%a5%e4%bb%a5%e9%99%8d%e3%81%ae%e5%af%be%e5%bf%9c%e3%81%ab%e3%81%a4%e3%81%84%e3%81%a6/,https://catholic-kameari.jp/2021/08-18-%e6%95%99%e5%8c%ba%e9%80%9a%e9%81%94%e3%81%ab%e4%bc%b4%e3%81%868%e6%9c%8816%e6%97%a5%e4%bb%a5%e9%99%8d%e3%81%ae%e5%af%be%e5%bf%9c%e3%81%ab%e3%81%a4%e3%81%84%e3%81%a6/,2021-08-18T17:44:58,2023-12-04T17:56:12,news,preserve-url,要確認: 過去の緊急・感染症関連告知。履歴として保持し、最新告知としては扱わない。
post,1185,年間第18主日2021年8月1日,https://catholic-kameari.jp/2021/08-02-%e5%b9%b4%e9%96%93%e7%ac%ac18%e4%b8%bb%e6%97%a52021%e5%b9%b48%e6%9c%881%e6%97%a5/,https://catholic-kameari.jp/2021/08-02-%e5%b9%b4%e9%96%93%e7%ac%ac18%e4%b8%bb%e6%97%a52021%e5%b9%b48%e6%9c%881%e6%97%a5/,2021-08-02T23:31:24,2023-12-04T17:56:18,topics,preserve-url,トピックスとして移行。司祭メッセージは著者表記を確認。
post,1168,8月の予定,https://catholic-kameari.jp/2021/07-29-8%e6%9c%88%e3%81%ae%e4%ba%88%e5%ae%9a/,https://catholic-kameari.jp/2021/07-29-8%e6%9c%88%e3%81%ae%e4%ba%88%e5%ae%9a/,2021-07-29T09:09:23,2023-12-04T17:56:24,news|monthly_schedule,preserve-url,月間予定アーカイブ。過去予定として保持。
post,1165,年間第17主日2021年07月25日,https://catholic-kameari.jp/2021/07-28-%e5%b9%b4%e9%96%93%e7%ac%ac17%e4%b8%bb%e6%97%a52021%e5%b9%b407%e6%9c%8825%e6%97%a5/,https://catholic-kameari.jp/2021/07-28-%e5%b9%b4%e9%96%93%e7%ac%ac17%e4%b8%bb%e6%97%a52021%e5%b9%b407%e6%9c%8825%e6%97%a5/,2021-07-28T23:45:59,2023-12-04T17:56:30,topics,preserve-url,トピックスとして移行。司祭メッセージは著者表記を確認。
post,1163,年間第16主日2021年7月18日,https://catholic-kameari.jp/2021/07-19-%e5%b9%b4%e9%96%93%e7%ac%ac16%e4%b8%bb%e6%97%a52021%e5%b9%b47%e6%9c%8818%e6%97%a5/,https://catholic-kameari.jp/2021/07-19-%e5%b9%b4%e9%96%93%e7%ac%ac16%e4%b8%bb%e6%97%a52021%e5%b9%b47%e6%9c%8818%e6%97%a5/,2021-07-19T19:01:11,2023-12-04T17:56:39,topics,preserve-url,トピックスとして移行。司祭メッセージは著者表記を確認。
post,1161,年間第15主日2021年7月11日,https://catholic-kameari.jp/2021/07-13-%e5%b9%b4%e9%96%93%e7%ac%ac15%e4%b8%bb%e6%97%a52021%e5%b9%b47%e6%9c%8811%e6%97%a5/,https://catholic-kameari.jp/2021/07-13-%e5%b9%b4%e9%96%93%e7%ac%ac15%e4%b8%bb%e6%97%a52021%e5%b9%b47%e6%9c%8811%e6%97%a5/,2021-07-13T20:49:44,2023-12-04T17:56:45,topics,preserve-url,トピックスとして移行。司祭メッセージは著者表記を確認。
post,1158,年間第14主日2021年7月4日,https://catholic-kameari.jp/2021/07-05-%e5%b9%b4%e9%96%93%e7%ac%ac14%e4%b8%bb%e6%97%a52021%e5%b9%b47%e6%9c%884%e6%97%a5/,https://catholic-kameari.jp/2021/07-05-%e5%b9%b4%e9%96%93%e7%ac%ac14%e4%b8%bb%e6%97%a52021%e5%b9%b47%e6%9c%884%e6%97%a5/,2021-07-05T21:15:35,2023-12-04T17:56:51,topics,preserve-url,トピックスとして移行。司祭メッセージは著者表記を確認。
post,1154,年間第13主日2021年6月27日,https://catholic-kameari.jp/2021/06-28-%e5%b9%b4%e9%96%93%e7%ac%ac13%e4%b8%bb%e6%97%a52021%e5%b9%b46%e6%9c%8827%e6%97%a5/,https://catholic-kameari.jp/2021/06-28-%e5%b9%b4%e9%96%93%e7%ac%ac13%e4%b8%bb%e6%97%a52021%e5%b9%b46%e6%9c%8827%e6%97%a5/,2021-06-28T16:57:31,2023-12-04T17:56:58,topics,preserve-url,トピックスとして移行。司祭メッセージは著者表記を確認。
post,1129,7月の予定,https://catholic-kameari.jp/2021/06-28-7%e6%9c%88%e3%81%ae%e4%ba%88%e5%ae%9a/,https://catholic-kameari.jp/2021/06-28-7%e6%9c%88%e3%81%ae%e4%ba%88%e5%ae%9a/,2021-06-28T12:01:36,2023-12-04T17:57:05,news|monthly_schedule,preserve-url,月間予定アーカイブ。過去予定として保持。
post,1124,年間第１2主日2021年６月２０日,https://catholic-kameari.jp/2021/06-20-%e5%b9%b4%e9%96%93%e7%ac%ac%ef%bc%91%ef%bc%91%e4%b8%bb%e6%97%a52021%e5%b9%b4%ef%bc%96%e6%9c%88%ef%bc%92%ef%bc%90%e6%97%a5/,https://catholic-kameari.jp/2021/06-20-%e5%b9%b4%e9%96%93%e7%ac%ac%ef%bc%91%ef%bc%91%e4%b8%bb%e6%97%a52021%e5%b9%b4%ef%bc%96%e6%9c%88%ef%bc%92%ef%bc%90%e6%97%a5/,2021-06-20T22:32:49,2023-12-04T17:57:19,topics,preserve-url,トピックスとして移行。司祭メッセージは著者表記を確認。
post,1121,年間第１１主日2021年６月１3日,https://catholic-kameari.jp/2021/06-13-%e5%b9%b4%e9%96%93%e7%ac%ac%ef%bc%91%ef%bc%91%e4%b8%bb%e6%97%a52021%e5%b9%b4%ef%bc%96%e6%9c%88%ef%bc%913%e6%97%a5/,https://catholic-kameari.jp/2021/06-13-%e5%b9%b4%e9%96%93%e7%ac%ac%ef%bc%91%ef%bc%91%e4%b8%bb%e6%97%a52021%e5%b9%b4%ef%bc%96%e6%9c%88%ef%bc%913%e6%97%a5/,2021-06-13T20:59:45,2023-12-04T17:57:33,topics,preserve-url,トピックスとして移行。司祭メッセージは著者表記を確認。
post,1117,キリストの聖体(2021年6月6日),https://catholic-kameari.jp/2021/06-08-%e3%82%ad%e3%83%aa%e3%82%b9%e3%83%88%e3%81%ae%e8%81%96%e4%bd%932021%e5%b9%b46%e6%9c%886%e6%97%a5/,https://catholic-kameari.jp/2021/06-08-%e3%82%ad%e3%83%aa%e3%82%b9%e3%83%88%e3%81%ae%e8%81%96%e4%bd%932021%e5%b9%b46%e6%9c%886%e6%97%a5/,2021-06-08T18:48:26,2023-12-04T17:57:48,topics,preserve-url,トピックスとして移行。司祭メッセージは著者表記を確認。
post,112,6月の予定,https://catholic-kameari.jp/2021/06-01-m_schedule_202106/,https://catholic-kameari.jp/2021/06-01-m_schedule_202106/,2021-06-01T16:14:16,2023-12-04T17:57:55,news|monthly_schedule,preserve-url,月間予定アーカイブ。過去予定として保持。
post,996,公式サイトが新しくなりました,https://catholic-kameari.jp/2021/05-31-%e5%85%ac%e5%bc%8f%e3%82%b5%e3%82%a4%e3%83%88%e3%81%8c%e6%96%b0%e3%81%97%e3%81%8f%e3%81%aa%e3%82%8a%e3%81%be%e3%81%97%e3%81%9f/,https://catholic-kameari.jp/2021/05-31-%e5%85%ac%e5%bc%8f%e3%82%b5%e3%82%a4%e3%83%88%e3%81%8c%e6%96%b0%e3%81%97%e3%81%8f%e3%81%aa%e3%82%8a%e3%81%be%e3%81%97%e3%81%9f/,2021-05-31T19:43:32,2023-12-04T17:58:01,topics,preserve-url,トピックスとして移行。司祭メッセージは著者表記を確認。
post,1,マリア祭中止のお知らせ,https://catholic-kameari.jp/2021/05-10-%e3%83%9e%e3%83%aa%e3%82%a2%e7%a5%ad%e4%b8%ad%e6%ad%a2%e3%81%ae%e3%81%8a%e7%9f%a5%e3%82%89%e3%81%9b/,https://catholic-kameari.jp/2021/05-10-%e3%83%9e%e3%83%aa%e3%82%a2%e7%a5%ad%e4%b8%ad%e6%ad%a2%e3%81%ae%e3%81%8a%e7%9f%a5%e3%82%89%e3%81%9b/,2021-05-10T13:57:41,2023-12-04T17:58:09,news|liturgy,preserve-url,要確認: 過去の緊急・感染症関連告知。履歴として保持し、最新告知としては扱わない。
post,89,亀有教会小教区設立50年を迎えて,https://catholic-kameari.jp/2021/05-09-%e4%ba%80%e6%9c%89%e6%95%99%e4%bc%9a%e5%b0%8f%e6%95%99%e5%8c%ba%e8%a8%ad%e7%ab%8b50%e5%b9%b4%e3%82%92%e8%bf%8e%e3%81%88%e3%81%a6/,https://catholic-kameari.jp/2021/05-09-%e4%ba%80%e6%9c%89%e6%95%99%e4%bc%9a%e5%b0%8f%e6%95%99%e5%8c%ba%e8%a8%ad%e7%ab%8b50%e5%b9%b4%e3%82%92%e8%bf%8e%e3%81%88%e3%81%a6/,2021-05-09T11:52:00,2023-12-04T17:58:16,topics,preserve-url,トピックスとして移行。司祭メッセージは著者表記を確認。
post,78,カトリック亀有教会50周年,https://catholic-kameari.jp/2021/05-09-%e3%82%ab%e3%83%88%e3%83%aa%e3%83%83%e3%82%af%e4%ba%80%e6%9c%89%e6%95%99%e4%bc%9a50%e5%91%a8%e5%b9%b4%e8%a8%98%e5%bf%b5%e8%a1%8c%e4%ba%8b%e3%81%ab%e3%81%a4%e3%81%84%e3%81%a6/,https://catholic-kameari.jp/2021/05-09-%e3%82%ab%e3%83%88%e3%83%aa%e3%83%83%e3%82%af%e4%ba%80%e6%9c%89%e6%95%99%e4%bc%9a50%e5%91%a8%e5%b9%b4%e8%a8%98%e5%bf%b5%e8%a1%8c%e4%ba%8b%e3%81%ab%e3%81%a4%e3%81%84%e3%81%a6/,2021-05-09T00:22:46,2023-12-04T17:58:24,news|event,preserve-url,移行対象
post,886,5月の予定,https://catholic-kameari.jp/2021/04-30-5%e6%9c%88%e3%81%ae%e4%ba%88%e5%ae%9a/,https://catholic-kameari.jp/2021/04-30-5%e6%9c%88%e3%81%ae%e4%ba%88%e5%ae%9a/,2021-04-30T12:09:25,2023-12-04T17:58:33,news|monthly_schedule,preserve-url,月間予定アーカイブ。過去予定として保持。
